{
  "experiment": "dongting_15_3",
  "data_source": "local",
  "n_sequences": 18874,
  "use_sliding_window": true,
  "window_len": 15,
  "window_stride": 3,
  "n_train": 90456,
  "n_val": 896581,
  "n_test": 687926,
  "feat_dim": 43,
  "latent_dim": 8,
  "hidden_dim": 32,
  "contamination": 0.02,
  "has_temporal": false,
  "prefixspan_dims": 2,
  "n_benign_patterns": 150,
  "vae_seed_reports": [
    {
      "seed": 0,
      "val_auc": 0.9426124727993862,
      "epochs": 29,
      "best_val_loss": 0.0671171322464943
    },
    {
      "seed": 1,
      "val_auc": 0.9438259081525643,
      "epochs": 31,
      "best_val_loss": 0.06756164878606796
    },
    {
      "seed": 2,
      "val_auc": 0.9430260533502602,
      "epochs": 19,
      "best_val_loss": 0.06736892461776733
    }
  ],
  "best_vae_seed": 1,
  "models": {
    "isolation_forest": {
      "threshold": 0.010837297722914863,
      "auc_roc": 0.8513483328293959,
      "ap": 0.9910605497264275,
      "f1": 0.4741888613137505,
      "precision": 0.9989382996235346,
      "recall_tpr": 0.31088089969383736,
      "fpr": 0.007745327932921197,
      "tp": 205113,
      "fp": 218,
      "tn": 27928,
      "fn": 454667
    },
    "vae": {
      "threshold": 0.12017564475536346,
      "auc_roc": 0.7344094675195796,
      "ap": 0.985140630942638,
      "f1": 0.42105968265740035,
      "precision": 0.9987459214072918,
      "recall_tpr": 0.2667616478220013,
      "fpr": 0.0078519150145669,
      "tp": 176004,
      "fp": 221,
      "tn": 27925,
      "fn": 483776
    },
    "ensemble": {
      "threshold": 0.8106563291039053,
      "auc_roc": 0.835017069834912,
      "ap": 0.990366204781923,
      "f1": 0.4172497107262121,
      "precision": 0.9987658218765247,
      "recall_tpr": 0.26370911515959866,
      "fpr": 0.007638740851275492,
      "tp": 173990,
      "fp": 215,
      "tn": 27931,
      "fn": 485790
    }
  },
  "ensemble_seed_test_metrics": [
    {
      "threshold": 0.8007027569498546,
      "auc_roc": 0.8353985295527656,
      "ap": 0.9903928555613635,
      "f1": 0.41715051790669283,
      "precision": 0.9987597184101428,
      "recall_tpr": 0.26363030100942736,
      "fpr": 0.007674269878490727,
      "tp": 173938,
      "fp": 216,
      "tn": 27930,
      "fn": 485842,
      "seed": 0
    },
    {
      "threshold": 0.8118423381533185,
      "auc_roc": 0.8349629456877048,
      "ap": 0.990363268014081,
      "f1": 0.4171856825948798,
      "precision": 0.9987713153815237,
      "recall_tpr": 0.2636575828306405,
      "fpr": 0.007603211824060257,
      "tp": 173956,
      "fp": 214,
      "tn": 27932,
      "fn": 485824,
      "seed": 1
    },
    {
      "threshold": 0.7953029501810305,
      "auc_roc": 0.8360308411762188,
      "ap": 0.9904461142290876,
      "f1": 0.4175385216648025,
      "precision": 0.99874972040766,
      "recall_tpr": 0.26394101063991027,
      "fpr": 0.007745327932921197,
      "tp": 174143,
      "fp": 218,
      "tn": 27928,
      "fn": 485637,
      "seed": 2
    }
  ],
  "ensemble_seed_test_summary": {
    "auc_roc": {
      "mean": 0.8354641054722297,
      "std": 0.00043842547409819423,
      "values": [
        0.8353985295527656,
        0.8349629456877048,
        0.8360308411762188
      ]
    },
    "ap": {
      "mean": 0.990400745934844,
      "std": 3.427892773969005e-05,
      "values": [
        0.9903928555613635,
        0.990363268014081,
        0.9904461142290876
      ]
    },
    "f1": {
      "mean": 0.41729157405545836,
      "std": 0.00017520745825905958,
      "values": [
        0.41715051790669283,
        0.4171856825948798,
        0.4175385216648025
      ]
    },
    "precision": {
      "mean": 0.9987602513997755,
      "std": 8.824163133343624e-06,
      "values": [
        0.9987597184101428,
        0.9987713153815237,
        0.99874972040766
      ]
    },
    "recall_tpr": {
      "mean": 0.2637429648266594,
      "std": 0.00014048174864095714,
      "values": [
        0.26363030100942736,
        0.2636575828306405,
        0.26394101063991027
      ]
    }
  }
}