,accept,sendmsg,prctl,setpgid,writev,connect,sendto,clone,bind,mmap,exit_group,setsockopt,socket,wait4,close
KASAN,0.0005751292337663472,0.009336213581264019,0.01337474212050438,0.013310384936630726,0.0013579516671597958,0.0012966919457539916,0.01240670494735241,0.015404285863041878,0.002247975440695882,0.1565418541431427,0.0315801240503788,0.004880213178694248,0.02565907873213291,0.07069183140993118,0.08926519006490707
WARNING,0.0004999765078537166,0.006809800397604704,0.012803544290363789,0.012251919135451317,0.00025193640612997115,0.0014635295374318957,0.021559467539191246,0.013887928798794746,0.0047671678476035595,0.16388900578022003,0.029577989131212234,0.01732233539223671,0.033194564282894135,0.05899941548705101,0.09330848604440689
general_protection_fault,0.0004037530452478677,0.005746923387050629,0.01081312820315361,0.010751942172646523,0.00043406852637417614,0.006327580660581589,0.012692654505372047,0.011534679681062698,0.002128870226442814,0.19001826643943787,0.028709638863801956,0.003275791183114052,0.03146255388855934,0.04157629236578941,0.0856383666396141
memory_leak,0.0,0.0,0.0,0.0,0.0,0.0,0.0,0.0,0.0,0.3399733901023865,0.034077197313308716,0.0,0.0,0.0,0.07183177024126053
possible_deadlock,0.0,0.004294662736356258,0.003747184295207262,0.003732274519279599,0.00012455998512450606,1.1720759175659623e-05,0.0046702963300049305,0.005510753020644188,0.0008191200322471559,0.14325480163097382,0.01845857873558998,0.00977797619998455,0.023951072245836258,0.033308591693639755,0.05164172127842903
BUG,0.00013169509475119412,0.008593744598329067,0.011555210687220097,0.011486888863146305,0.0012091750977560878,0.0004452098801266402,0.01760171167552471,0.012327335774898529,0.0016380059532821178,0.12287221848964691,0.021953390911221504,0.001063549774698913,0.03205336257815361,0.11062472313642502,0.1389516144990921
INFO,0.00032705848570913076,0.009043078869581223,0.018101850524544716,0.01797456480562687,0.0001080380316125229,0.00045965268509462476,0.05170875042676926,0.018548939377069473,0.0003625242388807237,0.08658523857593536,0.023992950096726418,0.000987011007964611,0.0411764457821846,0.10404517501592636,0.16585266590118408
KMSAN,0.000551518751308322,0.007995284162461758,0.011619088239967823,0.011586207896471024,0.0009657674236223102,0.0010966601548716426,0.05847711116075516,0.013185206800699234,0.0028330113273113966,0.09238366037607193,0.020906541496515274,0.005272711161524057,0.061975643038749695,0.07758230715990067,0.16313660144805908
