{
  "paper_targets": {
    "AUC": 0.94,
    "F1": 0.92,
    "AP": 0.87
  },
  "reproduction": {
    "window_dynamic_threshold": {
      "auc": 0.9002837272715816,
      "ap": 0.9813452358938333,
      "f1": 0.5936044304889411,
      "precision": 0.918167747444827,
      "recall": 0.4385731220762004,
      "fpr": 0.23676794193722736,
      "cm": [
        [
          19770,
          6133
        ],
        [
          88089,
          68813
        ]
      ]
    },
    "window_static_threshold": {
      "auc": 0.9002837272715816,
      "ap": 0.9813452358938333,
      "f1": 0.5405297453451055,
      "precision": 0.9962676984711261,
      "recall": 0.37087481357790214,
      "fpr": 0.008416013589159556,
      "cm": [
        [
          25685,
          218
        ],
        [
          98711,
          58191
        ]
      ]
    },
    "window_youden_j": {
      "auc": 0.9002837272715816,
      "ap": 0.9813452358938333,
      "f1": 0.8843224680827495,
      "precision": 0.9678563309843147,
      "recall": 0.8140622809142012,
      "fpr": 0.1637648148863066,
      "cm": [
        [
          21661,
          4242
        ],
        [
          29174,
          127728
        ]
      ]
    },
    "sequence_level": {
      "auc": 0.9944317764023903,
      "ap": 0.9956303903707864,
      "f1": 0.8421052631578947,
      "precision": 0.7292716445258818,
      "recall": 0.9962453066332916,
      "fpr": 0.8995433789954338,
      "cm": [
        [
          66,
          591
        ],
        [
          6,
          1592
        ]
      ]
    }
  },
  "config": {
    "window_len": 15,
    "window_stride": 3,
    "seq_truncate": 1000,
    "vae": {
      "hidden": 32,
      "latent": 8,
      "dropout": 0.2,
      "l2": 0.0001,
      "epochs_trained": 30
    },
    "iforest": {
      "contamination": 0.02,
      "n_estimators": 300
    },
    "fusion_alpha": 0.7,
    "threshold": {
      "T0_fused_score": 0.16830210552973554,
      "beta": 0.9,
      "T_min": 0.08415105276486777
    },
    "categories": [
      "file_io",
      "network",
      "memory",
      "process",
      "ipc",
      "time",
      "security",
      "sync",
      "other"
    ]
  },
  "data_split": {
    "train_windows": 1391964,
    "val_windows": 143922,
    "test_windows": 182805,
    "train_normal_windows": 256156
  }
}