{
  "models": {
    "vae_dongting": {
      "dongting": {
        "auc": 0.959748874160701,
        "ap": 0.9696988749778466,
        "f1": 0.9520024457352492,
        "precision": 0.9505494505494505,
        "recall": 0.9534598897734231,
        "threshold": 0.0367218442261219,
        "cm": [
          [
            597,
            81
          ],
          [
            76,
            1557
          ]
        ]
      },
      "container": {
        "auc": 0.13461538461538464,
        "ap": 0.19114883092208057,
        "f1": 0.48148148148148145,
        "precision": 0.3170731707317073,
        "recall": 1.0,
        "threshold": 0.1615028828382492,
        "cm": [
          [
            4,
            28
          ],
          [
            0,
            13
          ]
        ]
      }
    },
    "vae_container": {
      "dongting": {
        "auc": 0.686827906002128,
        "ap": 0.7975661601922865,
        "f1": 0.8419838523644751,
        "precision": 0.7956403269754768,
        "recall": 0.8940600122473974,
        "threshold": 0.5655893683433533,
        "cm": [
          [
            303,
            375
          ],
          [
            173,
            1460
          ]
        ]
      },
      "container": {
        "auc": 1.0,
        "ap": 0.9999999999999998,
        "f1": 1.0,
        "precision": 1.0,
        "recall": 1.0,
        "threshold": 0.3084181845188141,
        "cm": [
          [
            32,
            0
          ],
          [
            0,
            13
          ]
        ]
      }
    },
    "iforest": {
      "dongting": {
        "auc": 0.8823721474673357,
        "ap": 0.9487766358736587,
        "f1": 0.8317307692307693,
        "precision": 0.9468334636434714,
        "recall": 0.741579914268218,
        "threshold": 0.4395916854194946,
        "cm": [
          [
            610,
            68
          ],
          [
            422,
            1211
          ]
        ]
      },
      "container": {
        "auc": 1.0,
        "ap": 1.0,
        "f1": 1.0,
        "precision": 1.0,
        "recall": 1.0,
        "threshold": 0.5194713625988377,
        "cm": [
          [
            32,
            0
          ],
          [
            0,
            13
          ]
        ]
      }
    },
    "lstm": {
      "dongting": {
        "auc": 0.9979488318909223,
        "ap": 0.9991178998688227,
        "f1": 0.9917456435340875,
        "precision": 0.9902319902319903,
        "recall": 0.9932639314145744,
        "threshold": 0.6573253273963928,
        "cm": [
          [
            662,
            16
          ],
          [
            11,
            1622
          ]
        ]
      },
      "container": {
        "auc": 1.0,
        "ap": 1.0,
        "f1": 1.0,
        "precision": 1.0,
        "recall": 1.0,
        "threshold": 0.5685078501701355,
        "cm": [
          [
            32,
            0
          ],
          [
            0,
            13
          ]
        ]
      }
    },
    "cnn1d": {
      "dongting": {
        "auc": 1.0,
        "ap": 1.0,
        "f1": 1.0,
        "precision": 1.0,
        "recall": 1.0,
        "threshold": 0.6088117957115173,
        "cm": [
          [
            678,
            0
          ],
          [
            0,
            1633
          ]
        ]
      },
      "container": {
        "auc": 1.0,
        "ap": 1.0,
        "f1": 1.0,
        "precision": 1.0,
        "recall": 1.0,
        "threshold": 0.9451245069503784,
        "cm": [
          [
            32,
            0
          ],
          [
            0,
            13
          ]
        ]
      }
    }
  },
  "cve_latency": {
    "attack_cve-2021-4034-loop2_20260520T001124": {
      "n_windows": 63,
      "vae_dongting": {
        "detection_window": 0,
        "max_score": 0.19045346975326538,
        "threshold": 0.0367218442261219,
        "detected": true
      },
      "vae_container": {
        "detection_window": null,
        "max_score": 0.44297298789024353,
        "threshold": 0.5655893683433533,
        "detected": false
      },
      "iforest": {
        "detection_window": 0,
        "max_score": 0.5298871091796785,
        "threshold": 0.4395916854194946,
        "detected": true
      },
      "lstm": {
        "detection_window": 4,
        "max_score": 0.6661210656166077,
        "threshold": 0.6573253273963928,
        "detected": true
      },
      "cnn1d": {
        "detection_window": 0,
        "max_score": 0.9736582040786743,
        "threshold": 0.6088117957115173,
        "detected": true
      }
    },
    "attack_cve-2022-0847-loop2_20260520T001124": {
      "n_windows": 8,
      "vae_dongting": {
        "detection_window": 0,
        "max_score": 0.16208480298519135,
        "threshold": 0.0367218442261219,
        "detected": true
      },
      "vae_container": {
        "detection_window": 0,
        "max_score": 1.0,
        "threshold": 0.5655893683433533,
        "detected": true
      },
      "iforest": {
        "detection_window": 0,
        "max_score": 0.4792179649424262,
        "threshold": 0.4395916854194946,
        "detected": true
      },
      "lstm": {
        "detection_window": null,
        "max_score": 0.11744044721126556,
        "threshold": 0.6573253273963928,
        "detected": false
      },
      "cnn1d": {
        "detection_window": 0,
        "max_score": 0.9517879486083984,
        "threshold": 0.6088117957115173,
        "detected": true
      }
    },
    "attack_exfil_20260520T000409": {
      "n_windows": 7,
      "vae_dongting": {
        "detection_window": 0,
        "max_score": 0.1639704555273056,
        "threshold": 0.0367218442261219,
        "detected": true
      },
      "vae_container": {
        "detection_window": 0,
        "max_score": 0.6770696640014648,
        "threshold": 0.5655893683433533,
        "detected": true
      },
      "iforest": {
        "detection_window": 0,
        "max_score": 0.5349464063995071,
        "threshold": 0.4395916854194946,
        "detected": true
      },
      "lstm": {
        "detection_window": null,
        "max_score": 0.09179459512233734,
        "threshold": 0.6573253273963928,
        "detected": false
      },
      "cnn1d": {
        "detection_window": 0,
        "max_score": 0.9834731817245483,
        "threshold": 0.6088117957115173,
        "detected": true
      }
    },
    "attack_revshell_20260520T000409": {
      "n_windows": 5,
      "vae_dongting": {
        "detection_window": 0,
        "max_score": 0.1284305453300476,
        "threshold": 0.0367218442261219,
        "detected": true
      },
      "vae_container": {
        "detection_window": 4,
        "max_score": 0.7922517657279968,
        "threshold": 0.5655893683433533,
        "detected": true
      },
      "iforest": {
        "detection_window": 0,
        "max_score": 0.5572540193076626,
        "threshold": 0.4395916854194946,
        "detected": true
      },
      "lstm": {
        "detection_window": null,
        "max_score": 0.1400301456451416,
        "threshold": 0.6573253273963928,
        "detected": false
      },
      "cnn1d": {
        "detection_window": 0,
        "max_score": 0.99552321434021,
        "threshold": 0.6088117957115173,
        "detected": true
      }
    }
  }
}