{
  "if_lo": -0.1723089723685,
  "if_hi": 0.12101397749036778,
  "vae_lo": 4.026088714599609,
  "vae_hi": 2178.55908203125,
  "vae_threshold": 67.093017578125,
  "if_threshold": -0.11577561800021002,
  "ens_threshold": 0.07692178348463227,
  "alpha": 0.7,
  "latent_dim": 24,
  "input_dim": 174
}