{
  "feature_dim": 174,
  "train_samples": 14843,
  "val_samples": 1812,
  "test_samples": 2311,
  "vae_seed_results": [
    {
      "seed": 0,
      "val_auc": 0.9563248466635148,
      "epochs": 80,
      "best_val_loss": 82.27978515625
    },
    {
      "seed": 1,
      "val_auc": 0.9349127908859514,
      "epochs": 80,
      "best_val_loss": 95.47882080078125
    },
    {
      "seed": 2,
      "val_auc": 0.9202391207196937,
      "epochs": 80,
      "best_val_loss": 105.14581298828125
    }
  ],
  "models": {
    "IsolationForest": {
      "params": {
        "n_estimators": 300,
        "contamination": "auto",
        "train_on": "normal_only",
        "random_state": 42
      },
      "val": {
        "auc": 0.8474212915886762,
        "ap": 0.9007038339578941,
        "threshold": -0.11577561800021002,
        "precision": 0.8067349926793558,
        "recall": 0.9778172138420586,
        "f1": 0.8840754111512235,
        "accuracy": 0.8405077262693157,
        "cm": [
          [
            421,
            264
          ],
          [
            25,
            1102
          ]
        ]
      },
      "test": {
        "auc": 0.8823721474673357,
        "ap": 0.9487766358736586,
        "threshold": -0.11577561800021002,
        "precision": 0.8479623824451411,
        "recall": 0.9938763012859767,
        "f1": 0.9151395545531436,
        "accuracy": 0.8697533535266119,
        "cm": [
          [
            387,
            291
          ],
          [
            10,
            1623
          ]
        ]
      }
    },
    "VAE": {
      "params": {
        "latent_dim": 24,
        "n_seeds": 3,
        "best_val_auc": 0.9563248466635148
      },
      "val": {
        "auc": 0.9562846909630244,
        "ap": 0.9551512093514083,
        "threshold": 67.093017578125,
        "precision": 0.9280397022332506,
        "recall": 0.9955634427684117,
        "f1": 0.9606164383561644,
        "accuracy": 0.9492273730684326,
        "cm": [
          [
            598,
            87
          ],
          [
            5,
            1122
          ]
        ]
      },
      "test": {
        "auc": 0.959658554120671,
        "ap": 0.969486709497001,
        "threshold": 67.093017578125,
        "precision": 0.9373913043478261,
        "recall": 0.9902020820575628,
        "f1": 0.9630732578916021,
        "accuracy": 0.9463435742102986,
        "cm": [
          [
            570,
            108
          ],
          [
            16,
            1617
          ]
        ]
      }
    },
    "Ensemble": {
      "params": {
        "alpha": 0.7,
        "normalization": "Robust_p1_p99_on_training_scores"
      },
      "val": {
        "auc": 0.8959721241717887,
        "ap": 0.9251047547139416,
        "threshold": 0.07692178348463227,
        "precision": 0.8412340105342363,
        "recall": 0.9920141969831411,
        "f1": 0.9104234527687296,
        "accuracy": 0.8785871964679912,
        "cm": [
          [
            474,
            211
          ],
          [
            9,
            1118
          ]
        ]
      },
      "test": {
        "auc": 0.9206240392205741,
        "ap": 0.9596768336692744,
        "threshold": 0.07692178348463227,
        "precision": 0.875605815831987,
        "recall": 0.9957134109001837,
        "f1": 0.9318051575931232,
        "accuracy": 0.8970142795326699,
        "cm": [
          [
            447,
            231
          ],
          [
            7,
            1626
          ]
        ]
      }
    }
  }
}