{
  "models": [
    {
      "model": "lstm_v2",
      "auc": 0.997865076241165,
      "ap": 0.9990436080222171,
      "f1": 0.9909035779260158,
      "precision": 0.9891041162227603,
      "recall": 0.9927095990279465,
      "cm": [
        [
          692,
          18
        ],
        [
          12,
          1634
        ]
      ],
      "threshold": 0.6396881341934204,
      "epochs_run": 7,
      "train_seconds": 68.06176161766052
    },
    {
      "model": "cnn1d_v2",
      "auc": 1.0,
      "ap": 0.9999999999999999,
      "f1": 1.0,
      "precision": 1.0,
      "recall": 1.0,
      "cm": [
        [
          710,
          0
        ],
        [
          0,
          1646
        ]
      ],
      "threshold": 0.6088117957115173,
      "epochs_run": 23,
      "train_seconds": 11.3381929397583
    }
  ],
  "input_dim": 174
}