{
  "seeds": [
    {
      "seed": 0,
      "val_auc": 0.9895833333333334,
      "best_val_loss": 31.01317596435547,
      "epochs": 50
    },
    {
      "seed": 1,
      "val_auc": 0.9869791666666666,
      "best_val_loss": 29.368221282958984,
      "epochs": 50
    },
    {
      "seed": 2,
      "val_auc": 0.9869791666666666,
      "best_val_loss": 28.47473907470703,
      "epochs": 50
    }
  ],
  "test": {
    "auc": 1.0,
    "f1": 1.0,
    "precision": 1.0,
    "recall": 1.0,
    "cm": [
      [
        32,
        0
      ],
      [
        0,
        13
      ]
    ],
    "threshold": 71.45677947998047
  }
}