{
  "experiment": "dongting_15_3",
  "window": [
    15,
    3
  ],
  "splits": {
    "val": {
      "n_seq": 1804,
      "n_windows": 896581
    },
    "test": {
      "n_seq": 2305,
      "n_windows": 687926
    }
  },
  "window_level": {
    "iforest": {
      "threshold": 0.010837297722914863,
      "auc_roc": 0.8513483328293959,
      "ap": 0.9910605497264275,
      "f1": 0.4741888613137505,
      "precision": 0.9989382996235346,
      "recall_tpr": 0.31088089969383736,
      "fpr": 0.007745327932921197,
      "tp": 205113,
      "fp": 218,
      "tn": 27928,
      "fn": 454667
    },
    "vae": {
      "threshold": 0.12007620930671692,
      "auc_roc": 0.7344055281367763,
      "ap": 0.985140849869435,
      "f1": 0.4211937670738067,
      "precision": 0.9987464264645823,
      "recall_tpr": 0.26686925945011974,
      "fpr": 0.0078519150145669,
      "tp": 176075,
      "fp": 221,
      "tn": 27925,
      "fn": 483705
    },
    "ensemble": {
      "threshold": 0.8106135204731931,
      "auc_roc": 0.8350354257002011,
      "ap": 0.9903683736892224,
      "f1": 0.4172643927893966,
      "precision": 0.9987601455680944,
      "recall_tpr": 0.26372124041347117,
      "fpr": 0.007674269878490727,
      "tp": 173998,
      "fp": 216,
      "tn": 27930,
      "fn": 485782
    }
  },
  "sequence_level": {
    "iforest": {
      "threshold": 0.07514315509005569,
      "auc_roc": 0.6407129261833829,
      "ap": 0.8363258472200381,
      "f1": 0.3471882640586797,
      "precision": 0.9681818181818181,
      "recall_tpr": 0.211519364448858,
      "fpr": 0.012152777777777778,
      "tp": 213,
      "fp": 7,
      "tn": 569,
      "fn": 794
    },
    "vae": {
      "threshold": 0.17725118249654812,
      "auc_roc": 0.7875910294604436,
      "ap": 0.8695730521507876,
      "f1": 0.47976011994003,
      "precision": 0.9785932721712538,
      "recall_tpr": 0.31777557100297915,
      "fpr": 0.012152777777777778,
      "tp": 320,
      "fp": 7,
      "tn": 569,
      "fn": 687
    },
    "ensemble": {
      "threshold": 1.2341346206466206,
      "auc_roc": 0.7872065679134945,
      "ap": 0.8705153449892795,
      "f1": 0.5018450184501845,
      "precision": 0.9770114942528736,
      "recall_tpr": 0.33763654419066536,
      "fpr": 0.013888888888888888,
      "tp": 340,
      "fp": 8,
      "tn": 568,
      "fn": 667
    }
  },
  "ablation_disc_only": {
    "window_auc": 0.8747166576234529,
    "window_ap": 0.9896441699873425,
    "ensemble_window_auc": 0.8350354257002011,
    "sequence_auc": 0.6777858807789915,
    "ensemble_sequence_auc": 0.7872065679134945,
    "verdict": "CONFOUND_LIKELY (disc-only ~ ensemble)"
  },
  "attack_window_disc_fraction": 0.8351177665282367,
  "cross_encoding_parity": [
    {
      "name": "execve",
      "id": 59,
      "normal_count": 9900,
      "attack_count": 161258,
      "asymmetric": false
    },
    {
      "name": "clone",
      "id": 56,
      "normal_count": 142620,
      "attack_count": 3464099,
      "asymmetric": false
    },
    {
      "name": "setuid",
      "id": 105,
      "normal_count": 235,
      "attack_count": 25,
      "asymmetric": false
    },
    {
      "name": "setgid",
      "id": 106,
      "normal_count": 55,
      "attack_count": 0,
      "asymmetric": true
    },
    {
      "name": "capset",
      "id": 126,
      "normal_count": 35,
      "attack_count": 3103,
      "asymmetric": false
    },
    {
      "name": "openat",
      "id": 257,
      "normal_count": 319037,
      "attack_count": 2852301,
      "asymmetric": false
    },
    {
      "name": "unlinkat",
      "id": 263,
      "normal_count": 260,
      "attack_count": 0,
      "asymmetric": true
    },
    {
      "name": "renameat2",
      "id": 316,
      "normal_count": 22966,
      "attack_count": 723,
      "asymmetric": false
    },
    {
      "name": "mount",
      "id": 165,
      "normal_count": 946,
      "attack_count": 458484,
      "asymmetric": false
    },
    {
      "name": "unshare",
      "id": 272,
      "normal_count": 319,
      "attack_count": 124423,
      "asymmetric": false
    },
    {
      "name": "setns",
      "id": 308,
      "normal_count": 139,
      "attack_count": 2410,
      "asymmetric": false
    },
    {
      "name": "pivot_root",
      "id": 155,
      "normal_count": 4,
      "attack_count": 3405,
      "asymmetric": false
    },
    {
      "name": "socket",
      "id": 41,
      "normal_count": 66977,
      "attack_count": 9560967,
      "asymmetric": false
    },
    {
      "name": "connect",
      "id": 42,
      "normal_count": 190809,
      "attack_count": 1337969,
      "asymmetric": false
    },
    {
      "name": "bind",
      "id": 49,
      "normal_count": 32519,
      "attack_count": 1569196,
      "asymmetric": false
    },
    {
      "name": "mprotect",
      "id": 10,
      "normal_count": 207905,
      "attack_count": 791952,
      "asymmetric": false
    },
    {
      "name": "mmap",
      "id": 9,
      "normal_count": 409863,
      "attack_count": 5111393,
      "asymmetric": false
    },
    {
      "name": "prctl",
      "id": 157,
      "normal_count": 1628,
      "attack_count": 3290243,
      "asymmetric": false
    },
    {
      "name": "memfd_create",
      "id": 319,
      "normal_count": 49,
      "attack_count": 98603,
      "asymmetric": false
    },
    {
      "name": "splice",
      "id": 275,
      "normal_count": 2064,
      "attack_count": 42,
      "asymmetric": false
    },
    {
      "name": "ptrace",
      "id": 101,
      "normal_count": 92,
      "attack_count": 104372,
      "asymmetric": false
    },
    {
      "name": "init_module",
      "id": 175,
      "normal_count": 0,
      "attack_count": 0,
      "asymmetric": false
    },
    {
      "name": "finit_module",
      "id": 313,
      "normal_count": 4,
      "attack_count": 552,
      "asymmetric": false
    },
    {
      "name": "bpf",
      "id": 321,
      "normal_count": 27,
      "attack_count": 478062,
      "asymmetric": false
    }
  ],
  "vae_seed_stability": {
    "mean": 0.9431548114340703,
    "std": 0.0005036800056884149,
    "seeds": [
      0.9426124727993862,
      0.9438259081525643,
      0.9430260533502602
    ]
  },
  "ensemble_seed_test_summary": {
    "auc_roc": {
      "mean": 0.8354641054722297,
      "std": 0.00043842547409819423,
      "values": [
        0.8353985295527656,
        0.8349629456877048,
        0.8360308411762188
      ]
    },
    "ap": {
      "mean": 0.990400745934844,
      "std": 3.427892773969005e-05,
      "values": [
        0.9903928555613635,
        0.990363268014081,
        0.9904461142290876
      ]
    },
    "f1": {
      "mean": 0.41729157405545836,
      "std": 0.00017520745825905958,
      "values": [
        0.41715051790669283,
        0.4171856825948798,
        0.4175385216648025
      ]
    },
    "precision": {
      "mean": 0.9987602513997755,
      "std": 8.824163133343624e-06,
      "values": [
        0.9987597184101428,
        0.9987713153815237,
        0.99874972040766
      ]
    },
    "recall_tpr": {
      "mean": 0.2637429648266594,
      "std": 0.00014048174864095714,
      "values": [
        0.26363030100942736,
        0.2636575828306405,
        0.26394101063991027
      ]
    }
  },
  "success_criterion": {
    "published": {
      "iforest": 0.646,
      "vae": 0.747,
      "ensemble": 0.656
    },
    "tolerance_auc": 0.05,
    "max_fpr": 0.02,
    "repro_auc": {
      "iforest": 0.8513483328293959,
      "vae": 0.7344055281367763,
      "ensemble": 0.8350354257002011
    },
    "delta_auc": {
      "iforest": 0.2053483328293959,
      "vae": -0.01259447186322371,
      "ensemble": 0.17903542570020103
    },
    "ensemble_fpr": 0.007674269878490727,
    "success": false
  }
}