{
  "leaky": {
    "IForest": {
      "auc_test": 0.8656195864426008,
      "ap_test": 0.9397956949750247,
      "auc_val": 0.8313551253570296,
      "f1": 0.9101092131055727,
      "precision": 0.8384932920536635,
      "recall": 0.9951010410287814,
      "fpr_norm": 0.4616519174041298,
      "threshold": -0.07588001407309297,
      "fit_seconds": 0.38
    },
    "PCA": {
      "auc_test": 0.9902734348891863,
      "ap_test": 0.9952866147845697,
      "auc_val": 0.9919714505922965,
      "f1": 0.9908980582524272,
      "precision": 0.9819603126879134,
      "recall": 1.0,
      "fpr_norm": 0.04424778761061947,
      "threshold": 40769.98974904284,
      "fit_seconds": 0.06
    },
    "OCSVM": {
      "auc_test": 0.9944448659379647,
      "ap_test": 0.9970649614127635,
      "auc_val": 0.9902959216057099,
      "f1": 0.9846246608381067,
      "precision": 0.9697149643705463,
      "recall": 1.0,
      "fpr_norm": 0.0752212389380531,
      "threshold": 0.21969509778851837,
      "fit_seconds": 0.83
    },
    "AutoEncoder": {
      "auc_test": 1.0,
      "ap_test": 1.0,
      "auc_val": 1.0,
      "f1": 1.0,
      "precision": 1.0,
      "recall": 1.0,
      "fpr_norm": 0.0,
      "threshold": 141421344.0,
      "fit_seconds": 19.47
    }
  },
  "clean": {
    "IForest": {
      "auc_test": 0.8536386331326423,
      "ap_test": 0.934075134792157,
      "auc_val": 0.8155376653993874,
      "f1": 0.9026352288488211,
      "precision": 0.8250507099391481,
      "recall": 0.9963257807715861,
      "fpr_norm": 0.5088495575221239,
      "threshold": -0.08388471708563255,
      "fit_seconds": 0.35
    },
    "PCA": {
      "auc_test": 0.9912479881211083,
      "ap_test": 0.9957760353077039,
      "auc_val": 0.9925789674803593,
      "f1": 0.9914996964177292,
      "precision": 0.9831426851294401,
      "recall": 1.0,
      "fpr_norm": 0.04129793510324484,
      "threshold": 40121.48857604754,
      "fit_seconds": 0.03
    },
    "OCSVM": {
      "auc_test": 0.9955851564433413,
      "ap_test": 0.9976751060115089,
      "auc_val": 0.9907020123187327,
      "f1": 0.9855159927579964,
      "precision": 0.9714455681142177,
      "recall": 1.0,
      "fpr_norm": 0.07079646017699115,
      "threshold": 0.23629024787471486,
      "fit_seconds": 0.73
    },
    "AutoEncoder": {
      "auc_test": 1.0,
      "ap_test": 1.0,
      "auc_val": 1.0,
      "f1": 1.0,
      "precision": 1.0,
      "recall": 1.0,
      "fpr_norm": 0.0,
      "threshold": 141421344.0,
      "fit_seconds": 4.97
    }
  },
  "feature_overlap": {
    "TOP_IDS": {
      "shared": 60,
      "leaky_only": 0,
      "clean_only": 0
    },
    "DISC_IDS": {
      "shared": 40,
      "leaky_only": 0,
      "clean_only": 0
    },
    "BIGRAMS": {
      "shared": 34,
      "leaky_only": 6,
      "clean_only": 6
    }
  },
  "deltas": {
    "IForest": {
      "auc_test": -0.01198095330995852,
      "f1": -0.007473984256751609,
      "precision": -0.013442582114515433,
      "recall": 0.0012247397428046813,
      "fpr_norm": 0.0471976401179941
    },
    "PCA": {
      "auc_test": 0.0009745532319219707,
      "f1": 0.0006016381653020098,
      "precision": 0.0011823724415267467,
      "recall": 0.0,
      "fpr_norm": -0.0029498525073746312
    },
    "OCSVM": {
      "auc_test": 0.0011402905053766732,
      "f1": 0.0008913319198896597,
      "precision": 0.0017306037436713995,
      "recall": 0.0,
      "fpr_norm": -0.004424778761061954
    },
    "AutoEncoder": {
      "auc_test": 0.0,
      "f1": 0.0,
      "precision": 0.0,
      "recall": 0.0,
      "fpr_norm": 0.0
    }
  }
}