{
  "feature_dim": 174,
  "train_samples": 14843,
  "val_samples": 1812,
  "test_samples": 2311,
  "vae_seed_results": [
    {
      "seed": 0,
      "val_auc": 0.9369516641947163,
      "epochs": 80,
      "best_val_loss": 94.1800308227539
    },
    {
      "seed": 1,
      "val_auc": 0.889161199230565,
      "epochs": 80,
      "best_val_loss": 198.8125457763672
    },
    {
      "seed": 2,
      "val_auc": 0.9483105460527593,
      "epochs": 80,
      "best_val_loss": 85.74195098876953
    }
  ],
  "models": {
    "IsolationForest": {
      "params": {
        "n_estimators": 300,
        "contamination": "auto",
        "train_on": "normal_only",
        "random_state": 42
      },
      "val": {
        "auc": 0.8474212915886762,
        "ap": 0.9007038339578941,
        "threshold": -0.11577561800021002,
        "precision": 0.8067349926793558,
        "recall": 0.9778172138420586,
        "f1": 0.8840754111512235,
        "accuracy": 0.8405077262693157,
        "cm": [
          [
            421,
            264
          ],
          [
            25,
            1102
          ]
        ]
      },
      "test": {
        "auc": 0.8823721474673357,
        "ap": 0.9487766358736586,
        "threshold": -0.11577561800021002,
        "precision": 0.8479623824451411,
        "recall": 0.9938763012859767,
        "f1": 0.9151395545531436,
        "accuracy": 0.8697533535266119,
        "cm": [
          [
            387,
            291
          ],
          [
            10,
            1623
          ]
        ]
      }
    },
    "VAE": {
      "params": {
        "latent_dim": 24,
        "n_seeds": 3,
        "best_val_auc": 0.9483105460527593
      },
      "val": {
        "auc": 0.947902512321971,
        "ap": 0.9443831133444873,
        "threshold": 61.762855529785156,
        "precision": 0.9122664500406173,
        "recall": 0.9964507542147294,
        "f1": 0.9525021204410518,
        "accuracy": 0.9381898454746137,
        "cm": [
          [
            577,
            108
          ],
          [
            4,
            1123
          ]
        ]
      },
      "test": {
        "auc": 0.9479440449288007,
        "ap": 0.9543918836107115,
        "threshold": 61.762855529785156,
        "precision": 0.9284077892325315,
        "recall": 0.992651561543172,
        "f1": 0.959455460195324,
        "accuracy": 0.9407183037646041,
        "cm": [
          [
            553,
            125
          ],
          [
            12,
            1621
          ]
        ]
      }
    },
    "Ensemble": {
      "params": {
        "alpha": 0.7,
        "normalization": "MinMax_on_training_scores"
      },
      "val": {
        "auc": 0.8475650749033348,
        "ap": 0.8985305488179454,
        "threshold": 0.04758437380730923,
        "precision": 0.8067349926793558,
        "recall": 0.9778172138420586,
        "f1": 0.8840754111512235,
        "accuracy": 0.8405077262693157,
        "cm": [
          [
            421,
            264
          ],
          [
            25,
            1102
          ]
        ]
      },
      "test": {
        "auc": 0.8824204686887518,
        "ap": 0.947018675583453,
        "threshold": 0.04758437380730923,
        "precision": 0.8479623824451411,
        "recall": 0.9938763012859767,
        "f1": 0.9151395545531436,
        "accuracy": 0.8697533535266119,
        "cm": [
          [
            387,
            291
          ],
          [
            10,
            1623
          ]
        ]
      }
    }
  }
}