{
  "if_lo": -0.1723089723685,
  "if_hi": 0.18413850316360592,
  "vae_lo": 3.139504909515381,
  "vae_hi": 15058891.0,
  "vae_threshold": 61.762855529785156,
  "if_threshold": -0.11577561800021002,
  "ens_threshold": 0.04758437380730923,
  "alpha": 0.7,
  "latent_dim": 24,
  "input_dim": 174
}