{
  "feature_dim": 174,
  "n_train_normal": 5487,
  "subsample_for_knn_lof_ocsvm": 5000,
  "models": {
    "IForest": {
      "fit_seconds": 0.37,
      "val": {
        "auc": 0.8474212915886762,
        "ap": 0.9007038339578941,
        "threshold": -0.07343042087621798,
        "f1": 0.8840754111512235,
        "precision": 0.8067349926793558,
        "recall": 0.9778172138420586,
        "cm": [
          [
            421,
            264
          ],
          [
            25,
            1102
          ]
        ]
      },
      "test": {
        "auc": 0.8823721474673357,
        "ap": 0.9487766358736586,
        "threshold": -0.07343042087621798,
        "f1": 0.9151395545531436,
        "precision": 0.8479623824451411,
        "recall": 0.9938763012859767,
        "cm": [
          [
            387,
            291
          ],
          [
            10,
            1623
          ]
        ]
      }
    },
    "COPOD": {
      "fit_seconds": 0.42,
      "val": {
        "auc": 0.8581700658683022,
        "ap": 0.892163641062975,
        "threshold": 55.915728637417956,
        "f1": 0.903199675982179,
        "precision": 0.830849478390462,
        "recall": 0.9893522626441881,
        "cm": [
          [
            458,
            227
          ],
          [
            12,
            1115
          ]
        ]
      },
      "test": {
        "auc": 0.8194068863611319,
        "ap": 0.9037480945382481,
        "threshold": 55.915728637417956,
        "f1": 0.8716417910447761,
        "precision": 0.8503203261502621,
        "recall": 0.8940600122473974,
        "cm": [
          [
            421,
            257
          ],
          [
            173,
            1460
          ]
        ]
      }
    },
    "ECOD": {
      "fit_seconds": 0.06,
      "val": {
        "auc": 0.8636208783735646,
        "ap": 0.8988897564823841,
        "threshold": 68.09136229438002,
        "f1": 0.9099025974025974,
        "precision": 0.8384442782348541,
        "recall": 0.9946761313220941,
        "cm": [
          [
            469,
            216
          ],
          [
            6,
            1121
          ]
        ]
      },
      "test": {
        "auc": 0.8137356910476583,
        "ap": 0.9009063223807164,
        "threshold": 68.09136229438002,
        "f1": 0.8730206154765462,
        "precision": 0.8523920653442241,
        "recall": 0.8946723821187997,
        "cm": [
          [
            425,
            253
          ],
          [
            172,
            1461
          ]
        ]
      }
    },
    "HBOS": {
      "fit_seconds": 1.25,
      "val": {
        "auc": 0.6923788366504964,
        "ap": 0.73609669237212,
        "threshold": 61.928995148339325,
        "f1": 0.8362235067437379,
        "precision": 0.739100817438692,
        "recall": 0.9627329192546584,
        "cm": [
          [
            302,
            383
          ],
          [
            42,
            1085
          ]
        ]
      },
      "test": {
        "auc": 0.7453051643192488,
        "ap": 0.8363256072501011,
        "threshold": 61.928995148339325,
        "f1": 0.8859431096382215,
        "precision": 0.806841046277666,
        "recall": 0.9822412737293326,
        "cm": [
          [
            294,
            384
          ],
          [
            29,
            1604
          ]
        ]
      }
    },
    "PCA": {
      "fit_seconds": 0.06,
      "val": {
        "auc": 0.9932771585308194,
        "ap": 0.9953262125230173,
        "threshold": 41252.43907248131,
        "f1": 0.9933891582194799,
        "precision": 0.9868651488616462,
        "recall": 1.0,
        "cm": [
          [
            670,
            15
          ],
          [
            0,
            1127
          ]
        ]
      },
      "test": {
        "auc": 0.9909824472034205,
        "ap": 0.9940474855167397,
        "threshold": 41252.43907248131,
        "f1": 0.9924035247645092,
        "precision": 0.9849215922798552,
        "recall": 1.0,
        "cm": [
          [
            653,
            25
          ],
          [
            0,
            1633
          ]
        ]
      }
    },
    "KNN": {
      "fit_seconds": 0.12,
      "val": {
        "auc": 0.9855465385138505,
        "ap": 0.9912428699224278,
        "threshold": 17.40230312347412,
        "f1": 0.9461467038068709,
        "precision": 0.9922103213242454,
        "recall": 0.904170363797693,
        "cm": [
          [
            677,
            8
          ],
          [
            108,
            1019
          ]
        ]
      },
      "test": {
        "auc": 0.9933687026610091,
        "ap": 0.9951826642998469,
        "threshold": 17.40230312347412,
        "f1": 0.9864197530864197,
        "precision": 0.9943995021779714,
        "recall": 0.9785670545009185,
        "cm": [
          [
            669,
            9
          ],
          [
            35,
            1598
          ]
        ]
      }
    },
    "LOF": {
      "fit_seconds": 0.06,
      "val": {
        "auc": 0.9097312806430093,
        "ap": 0.8921277531419861,
        "threshold": 2.2030422687530518,
        "f1": 0.9419245442984315,
        "precision": 0.9017857142857143,
        "recall": 0.9858030168589175,
        "cm": [
          [
            564,
            121
          ],
          [
            16,
            1111
          ]
        ]
      },
      "test": {
        "auc": 0.9185096470834755,
        "ap": 0.9112988511687311,
        "threshold": 2.2030422687530518,
        "f1": 0.9524094582460341,
        "precision": 0.9314988290398126,
        "recall": 0.9742804654011022,
        "cm": [
          [
            561,
            117
          ],
          [
            42,
            1591
          ]
        ]
      }
    },
    "OCSVM": {
      "fit_seconds": 0.56,
      "val": {
        "auc": 0.9905465708974799,
        "ap": 0.9940398653371211,
        "threshold": 0.24765828731686135,
        "f1": 0.9787234042553191,
        "precision": 0.9583333333333334,
        "recall": 1.0,
        "cm": [
          [
            636,
            49
          ],
          [
            0,
            1127
          ]
        ]
      },
      "test": {
        "auc": 0.9951949738704124,
        "ap": 0.9971625901070003,
        "threshold": 0.24765828731686135,
        "f1": 0.9846246608381067,
        "precision": 0.9697149643705463,
        "recall": 1.0,
        "cm": [
          [
            627,
            51
          ],
          [
            0,
            1633
          ]
        ]
      }
    },
    "AutoEncoder": {
      "fit_seconds": 8.85,
      "val": {
        "auc": 1.0,
        "ap": 1.0,
        "threshold": 141421344.0,
        "f1": 1.0,
        "precision": 1.0,
        "recall": 1.0,
        "cm": [
          [
            685,
            0
          ],
          [
            0,
            1127
          ]
        ]
      },
      "test": {
        "auc": 1.0,
        "ap": 1.0,
        "threshold": 141421344.0,
        "f1": 1.0,
        "precision": 1.0,
        "recall": 1.0,
        "cm": [
          [
            678,
            0
          ],
          [
            0,
            1633
          ]
        ]
      }
    }
  },
  "ensemble_top_k": {
    "members": [
      "AutoEncoder",
      "PCA",
      "OCSVM",
      "KNN"
    ],
    "val": {
      "auc": 0.9959429789053038,
      "ap": 0.9975918800591904,
      "threshold": 0.159701181369704,
      "f1": 0.9872974156811213,
      "precision": 0.9749134948096886,
      "recall": 1.0,
      "cm": [
        [
          656,
          29
        ],
        [
          0,
          1127
        ]
      ]
    },
    "test": {
      "auc": 0.9987969370668025,
      "ap": 0.999510576325864,
      "threshold": 0.159701181369704,
      "f1": 0.988498789346247,
      "precision": 0.9772591262716936,
      "recall": 1.0,