{
  "experiment": "dongting_build_and_train",
  "n_train": 5401,
  "n_val": 1694,
  "n_test": 2267,
  "feat_dim": 149,
  "latent_dim": 8,
  "hidden_dim": 32,
  "contamination": 0.02,
  "ngram_n": 2,
  "vae_seed_reports": [
    {
      "seed": 0,
      "val_auc": 0.7595682041216879,
      "epochs": 52,
      "best_val_loss": 1.0394879579544067
    },
    {
      "seed": 1,
      "val_auc": 0.739019372660197,
      "epochs": 54,
      "best_val_loss": 1.0747929811477661
    },
    {
      "seed": 2,
      "val_auc": 0.7866579435176099,
      "epochs": 56,
      "best_val_loss": 1.077876329421997
    }
  ],
  "best_vae_seed": 2,
  "models": {
    "isolation_forest": {
      "threshold": -0.1403876348828454,
      "auc_roc": 0.6458820910293323,
      "ap": 0.7791296862278765,
      "f1": 0.8831460674157303,
      "precision": 0.8012232415902141,
      "recall_tpr": 0.983729662077597,
      "fpr": 0.5829596412556054,
      "tp": 1572,
      "fp": 390,
      "tn": 279,
      "fn": 26
    },
    "vae": {
      "threshold": 0.037097424268722534,
      "auc_roc": 0.7472868739137674,
      "ap": 0.8490627550837939,
      "f1": 0.87751677852349,
      "precision": 0.7932254802831142,
      "recall_tpr": 0.9818523153942428,
      "fpr": 0.6113602391629297,
      "tp": 1569,
      "fp": 409,
      "tn": 260,
      "fn": 29
    },
    "ensemble": {
      "threshold": -0.0132409190686684,
      "auc_roc": 0.656427784356754,
      "ap": 0.8003615019880506,
      "f1": 0.8827160493827161,
      "precision": 0.8001017293997965,
      "recall_tpr": 0.9843554443053817,
      "fpr": 0.5874439461883408,
      "tp": 1573,
      "fp": 393,
      "tn": 276,
      "fn": 25
    }
  }
}