{
  "experiment": "dongting_sliding_window_15_3",
  "use_sliding_window": true,
  "window_len": 15,
  "window_stride": 3,
  "n_train": 218725,
  "n_val": 1999730,
  "n_test": 1999301,
  "feat_dim": 159,
  "latent_dim": 8,
  "hidden_dim": 32,
  "contamination": 0.02,
  "ngram_n": 2,
  "vae_seed_reports": [
    {
      "seed": 0,
      "val_auc": 0.8980392972591814,
      "epochs": 15,
      "best_val_loss": 0.03989987075328827
    },
    {
      "seed": 1,
      "val_auc": 0.8986041393257248,
      "epochs": 17,
      "best_val_loss": 0.040069837123155594
    },
    {
      "seed": 2,
      "val_auc": 0.8981982256218879,
      "epochs": 19,
      "best_val_loss": 0.04000570997595787
    }
  ],
  "best_vae_seed": 1,
  "models": {
    "isolation_forest": {
      "threshold": -0.08583650770493684,
      "auc_roc": 0.5831116523508914,
      "ap": 0.8219478394792685,
      "f1": 0.9132848975230119,
      "precision": 0.8404516435931206,
      "recall_tpr": 0.9999392973489605,
      "fpr": 0.9999623799685873,
      "tp": 1680220,
      "fp": 318967,
      "tn": 12,
      "fn": 102
    },
    "vae": {
      "threshold": 0.016636831685900688,
      "auc_roc": 0.8085871547985167,
      "ap": 0.9488726859742346,
      "f1": 0.9145196756689308,
      "precision": 0.8433379812825827,
      "recall_tpr": 0.9988252251651767,
      "fpr": 0.9774217111471288,
      "tp": 1678348,
      "fp": 311777,
      "tn": 7202,
      "fn": 1974
    },
    "ensemble": {
      "threshold": -0.13241252255316988,
      "auc_roc": 0.6358958483723415,
      "ap": 0.8657661883480926,
      "f1": 0.9133158041349884,
      "precision": 0.8404674145793454,
      "recall_tpr": 0.999991073139553,
      "fpr": 0.999896544913615,
      "tp": 1680307,
      "fp": 318946,
      "tn": 33,
      "fn": 15
    }
  }
}