{
  "experiment": "dongting_15_3",
  "data_source": "local",
  "n_sequences": 18874,
  "use_sliding_window": true,
  "window_len": 15,
  "window_stride": 3,
  "n_train": 90456,
  "n_val": 896581,
  "n_test": 687926,
  "feat_dim": 43,
  "latent_dim": 8,
  "hidden_dim": 32,
  "contamination": 0.02,
  "has_temporal": false,
  "prefixspan_dims": 2,
  "n_benign_patterns": 150,
  "vae_seed_reports": [
    {
      "seed": 0,
      "val_auc": 0.9426124727993862,
      "epochs": 29,
      "best_val_loss": 0.0671171322464943
    },
    {
      "seed": 1,
      "val_auc": 0.9438259081525643,
      "epochs": 31,
      "best_val_loss": 0.06756164878606796
    },
    {
      "seed": 2,
      "val_auc": 0.9430260533502602,
      "epochs": 19,
      "best_val_loss": 0.06736892461776733
    }
  ],
  "best_vae_seed": 1,
  "models": {
    "isolation_forest": {
      "threshold": 0.010837297722914863,
      "auc_roc": 0.8513483328293959,
      "ap": 0.9910605497264275,
      "f1": 0.4741888613137505,
      "precision": 0.9989382996235346,
      "recall_tpr": 0.31088089969383736,
      "fpr": 0.007745327932921197,
      "tp": 205113,
      "fp": 218,
      "tn": 27928,
      "fn": 454667
    },
    "vae": {
      "threshold": 0.12017564475536346,
      "auc_roc": 0.7344094675195796,
      "ap": 0.985140630942638,
      "f1": 0.42105968265740035,
      "precision": 0.9987459214072918,
      "recall_tpr": 0.2667616478220013,
      "fpr": 0.0078519150145669,
      "tp": 176004,
      "fp": 221,
      "tn": 27925,
      "fn": 483776
    },
    "ensemble": {
      "threshold": 0.8106563291039053,
      "auc_roc": 0.835017069834912,
      "ap": 0.990366204781923,
      "f1": 0.4172497107262121,
      "precision": 0.9987658218765247,
      "recall_tpr": 0.26370911515959866,
      "fpr": 0.007638740851275492,
      "tp": 173990,
      "fp": 215,
      "tn": 27931,
      "fn": 485790
    }
  }
}